UserID,Nombre,Edad,Genero
1,Carlos,51,M
2,Sebastian,38,M
3,Carlos,48,F
4,Carlos,42,M
5,Santiago,50,M
6,Manuela,41,F
7,Nicolas,39,M
8,Camila,28,M
9,Manuela,46,F
10,Nicolas,42,F
11,Laura,30,F
12,Maria Jose,55,F
13,Sara,53,F
14,Felipe,28,M
15,Santiago,35,F
16,Gabriela,38,M
17,Isabella,51,M
18,Sofia,35,F
19,Laura,23,M
20,Sofia,50,M
21,Tomas,50,F
22,Gabriela,37,F
23,Tomas,36,F
24,Laura,52,F
25,Laura,26,M
26,Laura,34,F
27,Maria Jose,47,M
28,Sebastian,28,M
29,Felipe,48,F
30,Daniel,51,M
31,Sebastian,52,M
32,Camila,56,F
33,Mateo,47,M
34,Diana,53,F
35,Nicolas,22,M
36,Manuela,51,M
37,Laura,48,F
38,Manuela,43,F
39,Juan Pablo,43,F
40,Diana,31,F
41,Sebastian,47,M
42,Laura,54,M
43,Carlos,51,M
44,Felipe,43,M
45,Carlos,43,M
46,Daniel,44,F
47,Daniel,38,M
48,Mateo,32,F
49,Gabriela,54,F
50,Mateo,53,F
51,Sara,32,M
52,Valentina,38,M
53,Diana,43,M
54,Manuela,59,M
55,Sebastian,37,F
56,Nicolas,34,F
57,Daniel,22,F
58,Carlos,51,M
59,Isabella,39,M
60,Sofia,56,M
61,Tomas,27,F
62,Isabella,40,F
63,Sofia,36,F
64,Daniel,47,M
65,Felipe,35,M
66,Carlos,35,F
67,Daniel,58,F
68,Tomas,40,M
69,Laura,32,M
70,Gabriela,32,M
71,Valentina,49,M
72,Sebastian,50,F
73,Carlos,25,F
74,Tomas,26,F
75,Santiago,29,M
76,Daniel,52,M
77,Juan Pablo,28,F
78,Sara,22,M
79,Laura,49,M
80,Sebastian,33,M
81,Diana,44,F
82,Felipe,45,F
83,Manuela,37,M
84,Andres,28,F
85,Sofia,34,M
86,Diana,47,F
87,Sofia,44,M
88,Sofia,33,M
89,Gabriela,44,F
90,Daniel,45,M
91,Valentina,22,F
92,Gabriela,37,F
93,Laura,51,F
94,Carlos,32,F
95,Isabella,40,F
96,Tomas,28,M
97,Juan Pablo,39,M
98,Valentina,58,F
99,Juan Pablo,41,M
100,Sebastian,32,F
101,Camila,53,F
102,Sara,42,F
103,Daniel,43,F
104,Diana,47,M
105,Diana,32,F
106,Isabella,49,M
107,Tomas,51,F
108,Diana,45,M
109,Gabriela,30,F
110,Andres,27,M
111,Juan Pablo,36,F
112,Nicolas,39,M
113,Gabriela,34,F
114,Gabriela,46,F
115,Felipe,41,M
116,Valentina,59,M
117,Sofia,28,M
118,Andres,33,F
119,Gabriela,59,F
120,Sara,25,M
121,Nicolas,55,F
122,Sara,26,M
123,Laura,34,F
124,Manuela,34,M
125,Sebastian,36,M
126,Carlos,49,M
127,Camila,31,F
128,Tomas,58,F
129,Andres,26,F
130,Nicolas,55,F
131,Santiago,28,F
132,Maria Jose,49,M
133,Andres,29,F
134,Daniel,59,M
135,Daniel,58,F
136,Juan Pablo,38,F
137,Tomas,22,F
138,Mateo,32,F
139,Andres,47,M
140,Diana,33,M
141,Tomas,48,M
142,Maria Jose,37,F
143,Sara,52,F
144,Santiago,25,M
145,Nicolas,26,F
146,Diana,43,M
147,Carlos,37,M
148,Daniel,27,F
149,Juan Pablo,47,F
150,Gabriela,41,F
151,Gabriela,57,F
152,Andres,44,M
153,Diana,46,M
154,Diana,49,F
155,Santiago,37,F
156,Gabriela,28,M
157,Sofia,57,M
158,Nicolas,38,F
159,Felipe,51,M
160,Andres,47,F
161,Valentina,53,F
162,Manuela,39,F
163,Daniel,42,M
164,Felipe,57,M
165,Manuela,44,F
166,Sebastian,26,F
167,Tomas,38,F
168,Isabella,58,M
169,Valentina,39,M
170,Mateo,32,F
171,Gabriela,50,M
172,Nicolas,58,F
173,Sara,24,F
174,Maria Jose,35,F
175,Sofia,53,F
176,Daniel,57,F
177,Tomas,56,M
178,Sofia,27,F
179,Maria Jose,27,F
180,Diana,42,F
181,Santiago,24,F
182,Sofia,53,F
183,Sebastian,44,M
184,Isabella,52,F
185,Nicolas,34,M
186,Juan Pablo,49,M
187,Manuela,54,M
188,Andres,40,F
189,Sara,30,F
190,Mateo,46,M
191,Tomas,37,F
192,Andres,22,F
193,Tomas,41,M
194,Diana,25,M
195,Diana,23,F
196,Tomas,48,F
197,Nicolas,54,M
198,Tomas,31,M
199,Daniel,52,M
200,Manuela,45,M
201,Felipe,51,M
202,Diana,53,M
203,Daniel,41,M
204,Sara,53,F
205,Manuela,36,M
206,Felipe,31,F
207,Carlos,27,F
208,Laura,28,F
209,Felipe,30,F
210,Camila,41,F
211,Santiago,34,F
212,Camila,28,M
213,Mateo,33,M
214,Tomas,47,M
215,Sara,40,M
216,Daniel,39,M
217,Gabriela,54,F
218,Isabella,29,M
219,Maria Jose,42,M
220,Felipe,24,F
221,Sofia,49,F
222,Mateo,44,M
223,Juan Pablo,54,M
224,Diana,58,M
225,Felipe,25,M
226,Santiago,44,F
227,Juan Pablo,57,M
228,Diana,58,M
229,Sofia,52,F
230,Maria Jose,38,M
231,Gabriela,52,M
232,Tomas,25,F
233,Santiago,44,F
234,Carlos,41,M
235,Sofia,28,F
236,Maria Jose,22,M
237,Laura,39,M
238,Juan Pablo,49,M
239,Tomas,52,M
240,Laura,30,M
241,Diana,57,M
242,Diana,51,F
243,Santiago,25,F
244,Isabella,49,F
245,Tomas,51,F
246,Isabella,49,F
247,Santiago,56,M
248,Manuela,46,F
249,Manuela,35,M
250,Daniel,33,F
251,Gabriela,27,F
252,Tomas,43,F
253,Santiago,36,F
254,Santiago,28,M
255,Tomas,57,F
256,Manuela,45,F
257,Diana,36,M
258,Gabriela,22,M
259,Nicolas,58,F
260,Diana,32,M
261,Sara,46,F
262,Diana,40,M
263,Andres,48,M
264,Andres,25,F
265,Santiago,53,F
266,Valentina,58,F
267,Daniel,38,F
268,Daniel,41,M
269,Santiago,51,M
270,Diana,36,M
271,Andres,55,M
272,Valentina,51,M
273,Andres,26,M
274,Gabriela,22,M
275,Diana,46,M
276,Carlos,47,M
277,Sara,23,F
278,Mateo,39,F
279,Sara,51,M
280,Sofia,22,M
281,Valentina,46,M
282,Andres,22,F
283,Sofia,23,M
284,Felipe,59,M
285,Gabriela,31,F
286,Nicolas,31,F
287,Isabella,52,M
288,Tomas,26,M
289,Nicolas,48,M
290,Nicolas,38,F
291,Laura,29,F
292,Diana,48,M
293,Juan Pablo,50,M
294,Felipe,25,M
295,Sebastian,27,M
296,Santiago,24,F
297,Andres,32,F
298,Santiago,41,M
299,Santiago,45,M
300,Carlos,24,M
301,Andres,23,F
302,Sara,39,M
303,Sebastian,28,F
304,Carlos,51,F
305,Camila,59,M
306,Laura,42,M
307,Valentina,46,M
308,Maria Jose,38,F
309,Mateo,57,M
310,Daniel,37,M
311,Juan Pablo,48,F
312,Felipe,38,M
313,Sofia,27,F
314,Juan Pablo,48,F
315,Tomas,40,F
316,Diana,58,F
317,Tomas,32,F
318,Daniel,45,F
319,Manuela,45,F
320,Felipe,58,F
321,Sofia,37,M
322,Mateo,58,M
323,Felipe,34,M
324,Andres,33,F
325,Laura,40,F
326,Mateo,25,M
327,Camila,43,M
328,Santiago,42,M
329,Maria Jose,46,M
330,Daniel,31,M
331,Daniel,42,F
332,Sebastian,42,M
333,Juan Pablo,35,M
334,Juan Pablo,52,M
335,Maria Jose,55,F
336,Tomas,54,M
337,Santiago,41,F
338,Manuela,31,F
339,Juan Pablo,53,F
340,Laura,23,F
341,Carlos,24,M
342,Nicolas,53,F
343,Carlos,32,M
344,Daniel,40,F
345,Santiago,33,F
346,Santiago,56,F
347,Sebastian,53,M
348,Sara,37,F
349,Santiago,27,F
350,Felipe,47,F
351,Juan Pablo,35,M
352,Gabriela,24,M
353,Sebastian,51,F
354,Daniel,51,M
355,Diana,48,M
356,Camila,57,M
357,Daniel,22,M
358,Mateo,50,M
359,Laura,28,M
360,Sofia,37,M
361,Tomas,59,M
362,Maria Jose,29,M
363,Nicolas,59,M
364,Diana,41,F
365,Nicolas,36,F
366,Carlos,53,M
367,Andres,38,F
368,Laura,56,F
369,Daniel,28,F
370,Tomas,57,F
371,Felipe,30,F
372,Valentina,29,F
373,Gabriela,44,M
374,Laura,22,F
375,Valentina,31,M
376,Nicolas,54,M
377,Maria Jose,46,F
378,Isabella,52,M
379,Felipe,24,M
380,Camila,50,M
381,Sara,34,M
382,Nicolas,34,F
383,Juan Pablo,51,M
384,Sara,36,M
385,Sebastian,56,F
386,Maria Jose,26,M
387,Camila,34,M
388,Laura,54,M
389,Juan Pablo,25,F
390,Camila,59,M
391,Felipe,45,F
392,Sofia,22,F
393,Daniel,29,F
394,Andres,45,M
395,Isabella,39,F
396,Daniel,27,M
397,Maria Jose,22,F
398,Valentina,28,M
399,Juan Pablo,46,M
400,Gabriela,52,M
401,Sara,40,M
402,Manuela,46,M
403,Juan Pablo,49,F
404,Gabriela,45,M
405,Laura,54,F
406,Diana,41,M
407,Nicolas,38,M
408,Maria Jose,58,M
409,Sebastian,58,F
410,Gabriela,27,F
411,Nicolas,49,M
412,Santiago,46,F
413,Andres,26,F
414,Andres,41,M
415,Gabriela,40,M
416,Gabriela,54,F
417,Daniel,59,F
418,Sebastian,24,M
419,Felipe,25,F
420,Maria Jose,42,M
421,Valentina,57,F
422,Nicolas,31,F
423,Carlos,36,M
424,Andres,36,F
425,Tomas,47,M
426,Santiago,46,M
427,Andres,54,M
428,Santiago,36,M
429,Camila,23,M
430,Mateo,25,M
431,Mateo,54,F
432,Andres,58,M
433,Valentina,47,M
434,Andres,50,F
435,Isabella,56,M
436,Isabella,31,F
437,Sebastian,54,M
438,Daniel,51,M
439,Tomas,33,M
440,Maria Jose,39,F
441,Diana,32,M
442,Sara,54,F
443,Isabella,25,M
444,Daniel,39,M
445,Sebastian,52,M
446,Gabriela,46,F
447,Manuela,37,M
448,Diana,26,M
449,Sofia,59,M
450,Santiago,49,M
451,Carlos,36,F
452,Tomas,30,F
453,Daniel,27,F
454,Camila,25,F
455,Camila,29,M
456,Andres,33,F
457,Gabriela,46,M
458,Daniel,39,F
459,Sara,58,M
460,Manuela,41,M
461,Gabriela,32,F
462,Sara,36,F
463,Maria Jose,34,M
464,Tomas,33,M
465,Gabriela,50,F
466,Maria Jose,45,M
467,Andres,33,M
468,Mateo,33,F
469,Sofia,27,F
470,Sara,22,F
471,Carlos,43,F
472,Manuela,44,M
473,Felipe,38,M
474,Laura,58,M
475,Maria Jose,47,F
476,Nicolas,47,M
477,Valentina,51,F
478,Sofia,28,M
479,Daniel,25,F
480,Isabella,34,M
481,Manuela,41,M
482,Sebastian,27,F
483,Tomas,58,M
484,Diana,33,F
485,Carlos,31,M
486,Carlos,59,F
487,Valentina,41,M
488,Daniel,23,F
489,Sara,26,M
490,Camila,51,F
491,Sara,48,F
492,Mateo,59,F
493,Laura,36,F
494,Sebastian,27,F
495,Valentina,26,F
496,Sara,28,F
497,Diana,41,F
498,Laura,23,F
499,Sebastian,38,M
500,Manuela,39,M
501,Juan Pablo,31,F
502,Daniel,44,F
503,Tomas,40,M
504,Isabella,34,F
505,Santiago,34,F
506,Tomas,40,F
507,Laura,39,M
508,Santiago,29,F
509,Felipe,23,F
510,Diana,22,M
511,Carlos,22,M
512,Sofia,53,F
513,Sofia,26,M
514,Felipe,40,F
515,Carlos,43,F
516,Maria Jose,48,M
517,Laura,22,F
518,Sara,42,M
519,Laura,28,M
520,Manuela,59,M
521,Valentina,31,F
522,Tomas,43,F
523,Gabriela,44,M
524,Gabriela,25,F
525,Santiago,52,F
526,Daniel,42,M
527,Diana,44,F
528,Mateo,41,F
529,Felipe,34,M
530,Carlos,54,F
531,Santiago,35,F
532,Andres,48,F
533,Isabella,49,M
534,Santiago,33,M
535,Nicolas,34,F
536,Sara,27,M
537,Mateo,26,M
538,Diana,47,M
539,Carlos,28,M
540,Juan Pablo,26,M
541,Valentina,22,M
542,Andres,43,M
543,Maria Jose,44,F
544,Diana,43,M
545,Carlos,55,F
546,Juan Pablo,28,M
547,Sofia,32,M
548,Carlos,38,M
549,Diana,33,F
550,Isabella,59,M
551,Sofia,22,F
552,Maria Jose,27,F
553,Nicolas,55,M
554,Valentina,45,M
555,Sofia,43,M
556,Camila,50,M
557,Juan Pablo,49,M
558,Maria Jose,32,M
559,Santiago,59,F
560,Sebastian,57,M
561,Tomas,22,F
562,Manuela,35,M
563,Sebastian,37,M
564,Carlos,51,M
565,Isabella,37,F
566,Isabella,39,F
567,Camila,58,F
568,Sofia,47,F
569,Tomas,54,M
570,Tomas,31,F
571,Daniel,39,M
572,Santiago,46,M
573,Felipe,36,F
574,Juan Pablo,25,M
575,Isabella,49,M
576,Manuela,58,M
577,Sebastian,25,M
578,Tomas,48,M
579,Sara,52,M
580,Carlos,22,F
581,Sebastian,50,F
582,Andres,29,M
583,Gabriela,36,M
584,Santiago,57,M
585,Felipe,36,M
586,Daniel,35,M
587,Maria Jose,44,F
588,Sebastian,22,M
589,Maria Jose,57,M
590,Laura,24,F
591,Daniel,36,F
592,Camila,51,F
593,Daniel,28,F
594,Isabella,23,F
595,Andres,58,M
596,Mateo,29,F
597,Laura,50,M
598,Sara,35,F
599,Laura,29,M
600,Sofia,40,M
601,Carlos,39,F
602,Valentina,26,F
603,Andres,40,F
604,Gabriela,31,M
605,Isabella,40,M
606,Diana,30,F
607,Diana,33,F
608,Manuela,33,M
609,Manuela,56,F
610,Gabriela,45,M
611,Camila,58,M
612,Carlos,37,F
613,Tomas,33,F
614,Maria Jose,38,F
615,Nicolas,54,M
616,Felipe,37,M
617,Juan Pablo,28,F
618,Valentina,39,F
619,Diana,54,F
620,Maria Jose,41,M
621,Santiago,33,M
622,Camila,53,F
623,Diana,50,F
624,Manuela,23,F
625,Felipe,57,F
626,Diana,30,M
627,Santiago,25,F
628,Valentina,28,M
629,Felipe,28,M
630,Sebastian,24,F
631,Sofia,31,M
632,Santiago,27,M
633,Maria Jose,55,M
634,Daniel,42,M
635,Santiago,31,F
636,Mateo,33,F
637,Andres,57,F
638,Sara,22,M
639,Daniel,41,F
640,Laura,39,M
641,Camila,42,M
642,Sebastian,35,F
643,Camila,26,F
644,Gabriela,25,F
645,Nicolas,58,F
646,Sofia,36,M
647,Gabriela,29,F
648,Valentina,55,F
649,Camila,26,F
650,Tomas,22,F
651,Tomas,45,F
652,Laura,58,F
653,Juan Pablo,42,M
654,Sofia,53,M
655,Diana,53,M
656,Santiago,36,F
657,Nicolas,27,M
658,Tomas,47,F
659,Maria Jose,23,M
660,Daniel,24,M
661,Isabella,45,F
662,Manuela,46,M
663,Nicolas,30,F
664,Tomas,42,F
665,Valentina,46,M
666,Andres,43,M
667,Valentina,32,M
668,Carlos,37,F
669,Manuela,26,F
670,Sofia,51,M
671,Laura,36,F
672,Tomas,46,F
673,Sebastian,49,M
674,Laura,33,M
675,Isabella,44,F
676,Laura,45,M
677,Juan Pablo,35,M
678,Sofia,25,M
679,Gabriela,54,M
680,Andres,59,F
681,Valentina,55,M
682,Santiago,32,M
683,Laura,42,M
684,Isabella,28,F
685,Camila,58,M
686,Camila,49,M
687,Camila,37,M
688,Maria Jose,27,M
689,Maria Jose,41,M
690,Tomas,34,F
691,Sofia,46,F
692,Daniel,48,F
693,Laura,38,F
694,Diana,53,F
695,Daniel,47,F
696,Isabella,49,M
697,Daniel,22,M
698,Daniel,52,F
699,Sofia,51,M
700,Sara,50,F
701,Tomas,47,F
702,Diana,55,F
703,Manuela,27,F
704,Valentina,32,M
705,Tomas,56,M
706,Mateo,58,M
707,Juan Pablo,48,M
708,Gabriela,44,M
709,Santiago,31,F
710,Felipe,24,F
711,Santiago,59,M
712,Camila,38,M
713,Juan Pablo,22,M
714,Sebastian,48,M
715,Gabriela,45,F
716,Sebastian,28,M
717,Nicolas,54,F
718,Daniel,54,M
719,Santiago,40,F
720,Felipe,52,F
721,Nicolas,31,F
722,Tomas,58,M
723,Daniel,54,M
724,Gabriela,22,M
725,Gabriela,51,F
726,Manuela,25,F
727,Felipe,39,M
728,Mateo,45,M
729,Felipe,32,F
730,Valentina,39,M
731,Camila,37,F
732,Mateo,46,M
733,Valentina,54,M
734,Sofia,35,F
735,Andres,34,F
736,Manuela,27,M
737,Mateo,27,M
738,Manuela,44,F
739,Diana,36,F
740,Gabriela,32,F
741,Tomas,27,F
742,Sebastian,37,M
743,Sara,57,F
744,Gabriela,46,F
745,Tomas,27,M
746,Manuela,31,F
747,Laura,55,F
748,Isabella,39,F
749,Santiago,53,M
750,Sofia,27,F
751,Juan Pablo,42,F
752,Juan Pablo,33,M
753,Manuela,46,F
754,Gabriela,22,M
755,Andres,41,F
756,Carlos,47,M
757,Diana,59,F
758,Daniel,33,F
759,Sofia,38,F
760,Carlos,36,M
761,Manuela,35,F
762,Manuela,47,M
763,Tomas,53,M
764,Sebastian,36,F
765,Mateo,50,M
766,Nicolas,28,F
767,Mateo,55,F
768,Diana,43,M
769,Tomas,25,F
770,Sofia,33,M
771,Valentina,24,M
772,Carlos,30,F
773,Carlos,38,M
774,Manuela,25,F
775,Daniel,46,M
776,Nicolas,35,F
777,Andres,27,F
778,Sara,32,M
779,Maria Jose,42,F
780,Nicolas,23,F
781,Sebastian,36,M
782,Santiago,44,F
783,Daniel,50,F
784,Juan Pablo,42,M
785,Santiago,39,F
786,Camila,37,F
787,Felipe,29,M
788,Manuela,58,F
789,Manuela,25,F
790,Sofia,28,F
791,Andres,53,F
792,Camila,48,M
793,Sara,27,M
794,Isabella,28,F
795,Tomas,36,F
796,Sara,58,M
797,Gabriela,55,F
798,Sofia,45,F
799,Laura,46,M
800,Valentina,31,M
801,Andres,43,M
802,Maria Jose,36,M
803,Camila,49,F
804,Andres,42,F
805,Tomas,44,F
806,Laura,45,F
807,Valentina,37,F
808,Manuela,25,M
809,Daniel,43,F
810,Camila,50,F
811,Diana,41,F
812,Daniel,39,M
813,Felipe,47,M
814,Carlos,35,F
815,Andres,30,M
816,Sara,51,M
817,Manuela,28,M
818,Sara,25,F
819,Nicolas,40,M
820,Tomas,40,F
821,Daniel,30,F
822,Maria Jose,39,F
823,Daniel,47,F
824,Mateo,55,F
825,Sebastian,29,F
826,Sebastian,41,F
827,Carlos,27,M
828,Sara,28,F
829,Daniel,35,F
830,Carlos,41,F
831,Daniel,32,M
832,Felipe,37,F
833,Nicolas,55,F
834,Tomas,48,F
835,Manuela,26,F
836,Diana,39,M
837,Sebastian,26,F
838,Sara,58,M
839,Diana,53,M
840,Juan Pablo,27,M
841,Sebastian,23,F
842,Sebastian,24,F
843,Laura,58,F
844,Maria Jose,56,M
845,Tomas,28,M
846,Gabriela,34,F
847,Juan Pablo,40,F
848,Gabriela,58,F
849,Nicolas,37,M
850,Maria Jose,39,F
851,Isabella,34,F
852,Sofia,59,F
853,Manuela,54,F
854,Maria Jose,43,F
855,Isabella,37,F
856,Sebastian,52,M
857,Camila,57,M
858,Tomas,49,F
859,Manuela,34,F
860,Laura,58,M
861,Camila,39,F
862,Isabella,35,M
863,Camila,34,M
864,Daniel,24,F
865,Juan Pablo,25,F
866,Sofia,41,M
867,Gabriela,36,M
868,Mateo,51,M
869,Manuela,50,M
870,Valentina,41,M
871,Gabriela,57,F
872,Maria Jose,25,M
873,Gabriela,23,M
874,Tomas,54,F
875,Diana,57,M
876,Maria Jose,59,F
877,Felipe,23,M
878,Isabella,56,M
879,Carlos,23,F
880,Santiago,27,M
881,Mateo,40,F
882,Laura,39,F
883,Maria Jose,51,M
884,Daniel,55,M
885,Gabriela,36,M
886,Maria Jose,24,F
887,Isabella,28,F
888,Manuela,27,F
889,Mateo,42,F
890,Gabriela,24,M
891,Manuela,54,M
892,Sofia,57,M
893,Gabriela,55,M
894,Camila,26,F
895,Camila,52,M
896,Laura,31,M
897,Felipe,59,M
898,Felipe,56,F
899,Tomas,36,F
900,Sebastian,26,F
